metric_id,year,indicator,value,previous,change_pct,robust_z,reason,quality_flag,priority,action,mapping
attempts_disp,2024,Суицидальные попытки · диспансерная группа,25.0,20.0,25.0,0.625608727810651,Годовое изменение +25.0% ≥ порога 15% по модулю,digital,0,Сверить полноту регистрации и организацию кризисной помощи.,Форма 36 · таблица 2150 · строка 1 · графа 1
attempts_cons,2021,Суицидальные попытки · консультативная группа,62.0,37.0,67.56756756756756,,Годовое изменение +67.6% ≥ порога 15% по модулю,digital,0,Сверить учет и доступность кризисной помощи.,Форма 36 · таблица 2150 · строка 1 · графа 3
attempts_disp,2017,Суицидальные попытки · диспансерная группа,72.0,57.0,26.315789473684205,,Годовое изменение +26.3% ≥ порога 15% по модулю,visually_checked,0,Сверить полноту регистрации и организацию кризисной помощи.,Форма 36 · таблица 2150 · строка 1 · графа 1
attempts_disp,2016,Суицидальные попытки · диспансерная группа,57.0,31.0,83.87096774193547,,Годовое изменение +83.9% ≥ порога 15% по модулю,digital,0,Сверить полноту регистрации и организацию кризисной помощи.,Форма 36 · таблица 2150 · строка 1 · графа 1
attempts_cons,2016,Суицидальные попытки · консультативная группа,95.0,68.0,39.70588235294117,,Годовое изменение +39.7% ≥ порога 15% по модулю,digital,0,Сверить учет и доступность кризисной помощи.,Форма 36 · таблица 2150 · строка 1 · графа 3
attempts_disp,2014,Суицидальные попытки · диспансерная группа,34.0,49.0,-30.612244897959183,,Годовое изменение -30.6% ≥ порога 15% по модулю,digital,0,Сверить полноту регистрации и организацию кризисной помощи.,Форма 36 · таблица 2150 · строка 1 · графа 1
visits_per_position,2024,Посещений на занятую должность · взрослые,6190.192090395481,7398.434782608696,-16.331058226713026,,Годовое изменение -16.3% ≥ порога 15% по модулю,digital,1,"Проверить расписания, очереди и годовую динамику кадров.",Форма 36 · таблица 2200 · строка 1 · графа 4 / Форма 36 · таблица 2200 · строка 1 · графа 3
new,2021,Впервые установленный диагноз,6326.0,5444.0,16.20132255694342,,Годовое изменение +16.2% ≥ порога 15% по модулю,digital,1,Проверить охват выявления и доступность первичной консультации.,Форма 10 · таблица 3000 · строка 1 · графа 4
visits_per_position,2021,Посещений на занятую должность · взрослые,6020.683937823835,4398.36815920398,36.88449260949229,,Годовое изменение +36.9% ≥ порога 15% по модулю,digital,1,"Проверить расписания, очереди и годовую динамику кадров.",Форма 36 · таблица 2200 · строка 1 · графа 4 / Форма 36 · таблица 2200 · строка 1 · графа 3
new,2015,Впервые установленный диагноз,9227.0,5817.0,58.621282447997245,,Годовое изменение +58.6% ≥ порога 15% по модулю,digital,1,Проверить охват выявления и доступность первичной консультации.,Форма 10 · таблица 3000 · строка 1 · графа 4
adult_positions,2024,Занятые должности участковых психиатров для взрослых,88.5,74.75,18.394648829431446,,Годовое изменение +18.4% ≥ порога 15% по модулю,digital,2,Сверить кадровый учет и фактическое распределение приема.,Форма 36 · таблица 2200 · строка 1 · графа 3
repeat_share,2024,Доля повторных поступлений в данном году,18.57055589492975,16.024340770791078,15.889671597472987,,Годовое изменение +15.9% ≥ порога 15% по модулю,digital,2,Проверить маршруты после выписки и причины повторных поступлений.,Форма 36 · таблица 2300 · строка 1 · графа 4 / Форма 36 · таблица 2300 · строка 1 · графа 8
adult_visits,2021,Посещения участковых психиатров для взрослых,290498.0,221018.0,31.43635360015926,,Годовое изменение +31.4% ≥ порога 15% по модулю,digital,2,Разделить лечебные посещения и освидетельствования; проверить очереди.,Форма 36 · таблица 2200 · строка 1 · графа 4
day_discharge,2021,Дневной стационар · выписано,1895.0,1361.0,39.23585598824393,,Годовое изменение +39.2% ≥ порога 15% по модулю,digital,2,Проверить доступность дневных и амбулаторных альтернатив.,Форма 36 · таблица 2600 · строка 1 · графа 5
repeat_share,2021,Доля повторных поступлений в данном году,15.683533687447582,22.072485962225624,-28.945322632493486,,Годовое изменение -28.9% ≥ порога 15% по модулю,digital,2,Проверить маршруты после выписки и причины повторных поступлений.,Форма 36 · таблица 2300 · строка 1 · графа 4 / Форма 36 · таблица 2300 · строка 1 · графа 7
adult_positions,2015,Занятые должности участковых психиатров для взрослых,90.25,113.5,-20.48458149779736,,Годовое изменение -20.5% ≥ порога 15% по модулю,digital,2,Сверить кадровый учет и фактическое распределение приема.,Форма 36 · таблица 2200 · строка 1 · графа 3
length_of_stay,2015,Среднее пребывание выбывших,93.65959775619099,56.085331883959505,66.99481773589679,,Годовое изменение +67.0% ≥ порога 15% по модулю,digital,2,Сверить состав случаев и условия выписки.,Форма 36 · таблица 2300 · строка 1 · графа 11 / Форма 36 · таблица 2300 · строка 1 · графа 10
adult_positions,2014,Занятые должности участковых психиатров для взрослых,113.5,93.5,21.3903743315508,,Годовое изменение +21.4% ≥ порога 15% по модулю,digital,2,Сверить кадровый учет и фактическое распределение приема.,Форма 36 · таблица 2200 · строка 1 · графа 3
repeat_share,2014,Доля повторных поступлений в данном году,13.465076660988077,28.223790619026612,-52.291749741401446,,Годовое изменение -52.3% ≥ порога 15% по модулю,digital,2,Проверить маршруты после выписки и причины повторных поступлений.,Форма 36 · таблица 2300 · строка 1 · графа 4 / Форма 36 · таблица 2300 · строка 1 · графа 7
first_admission_year,2021,Поступили впервые в данном году,9048.0,7633.0,18.537927420411382,,Годовое изменение +18.5% ≥ порога 15% по модулю,digital,3,Проверить переход от стационарной к амбулаторной помощи.,Форма 36 · таблица 2300 · строка 1 · графа 7
involuntary,2016,Недобровольные поступления,55.0,24.0,129.16666666666666,,Годовое изменение +129.2% ≥ порога 15% по модулю,digital,3,Проверить сопоставимость регистрации и организацию помощи.,Форма 36 · таблица 2300 · строка 1 · графа 9
employment_share,2016,Доля работающих · трудоспособный контингент,21.48031672937609,13.110506874615227,63.840474932106716,,Годовое изменение +63.8% ≥ порога 15% по модулю,digital,3,Обсудить доступность сопровождения занятости и социальной реабилитации.,Форма 36 · таблица 2120 · строка 1 · графа 4 / Форма 36 · таблица 2120 · строка 1 · графа 2
discharge_days,2015,Койко-дни выбывших,1369116.0,825520.0,65.84891946894078,,Годовое изменение +65.8% ≥ порога 15% по модулю,digital,3,Изучить длительность пребывания и структуру диагнозов.,Форма 36 · таблица 2300 · строка 1 · графа 11
involuntary,2015,Недобровольные поступления,24.0,51.0,-52.94117647058824,,Годовое изменение -52.9% ≥ порога 15% по модулю,digital,3,Проверить сопоставимость регистрации и организацию помощи.,Форма 36 · таблица 2300 · строка 1 · графа 9
employment_share,2015,Доля работающих · трудоспособный контингент,13.110506874615227,21.642652627690033,-39.42282815258334,,Годовое изменение -39.4% ≥ порога 15% по модулю,digital,3,Обсудить доступность сопровождения занятости и социальной реабилитации.,Форма 36 · таблица 2120 · строка 1 · графа 4 / Форма 36 · таблица 2120 · строка 1 · графа 2
first_admission_year,2014,Поступили впервые в данном году,12699.0,9763.0,30.07272354808972,,Годовое изменение +30.1% ≥ порога 15% по модулю,digital,3,Проверить переход от стационарной к амбулаторной помощи.,Форма 36 · таблица 2300 · строка 1 · графа 7
involuntary,2014,Недобровольные поступления,51.0,24.0,112.5,,Годовое изменение +112.5% ≥ порога 15% по модулю,digital,3,Проверить сопоставимость регистрации и организацию помощи.,Форма 36 · таблица 2300 · строка 1 · графа 9
employment_share,2014,Доля работающих · трудоспособный контингент,21.642652627690033,26.427258075499964,-18.10481221374084,,Годовое изменение -18.1% ≥ порога 15% по модулю,digital,3,Обсудить доступность сопровождения занятости и социальной реабилитации.,Форма 36 · таблица 2120 · строка 1 · графа 4 / Форма 36 · таблица 2120 · строка 1 · графа 2
working_age,2016,Трудоспособный возраст · наблюдаемые,53421.0,38984.0,37.03314180176483,,Годовое изменение +37.0% ≥ порога 15% по модулю,digital,4,Уточнить потребность в сопровождении занятости.,Форма 36 · таблица 2120 · строка 1 · графа 2
working_age_employed,2016,Работающие в трудоспособном возрасте,11475.0,5111.0,124.51575034239877,,Годовое изменение +124.5% ≥ порога 15% по модулю,digital,4,Оценить организацию социальной реабилитации.,Форма 36 · таблица 2120 · строка 1 · графа 4
working_age_employed,2015,Работающие в трудоспособном возрасте,5111.0,9373.0,-45.47103382054838,,Годовое изменение -45.5% ≥ порога 15% по модулю,digital,4,Оценить организацию социальной реабилитации.,Форма 36 · таблица 2120 · строка 1 · графа 4
working_age_employed,2014,Работающие в трудоспособном возрасте,9373.0,11642.0,-19.489778388593027,,Годовое изменение -19.5% ≥ порога 15% по модулю,digital,4,Оценить организацию социальной реабилитации.,Форма 36 · таблица 2120 · строка 1 · графа 4
