year,value,raw_value,reason,quality_flag,source_file,source_page,form_number,table_code,row_number,column_number,mapping,metric_id,label,unit,yoy_pct
2013,73677.0,73677.0,,digital,2013 10.doc,,10,2000,1,4,Форма 10 · таблица 2000 · строка 1 · графа 4,registered,Зарегистрированные пациенты,чел.,
2014,75427.0,75427.0,,digital,2014 Форма 10 оконч..docx,,10,2000,1,4,Форма 10 · таблица 2000 · строка 1 · графа 4,registered,Зарегистрированные пациенты,чел.,2.375232433459562
2015,75539.0,75539.0,,digital,2015 10.doc,,10,2000,1,4,Форма 10 · таблица 2000 · строка 1 · графа 4,registered,Зарегистрированные пациенты,чел.,0.1484879419836327
2016,83384.0,83384.0,,digital,2016 форма 10 область.xlsx,,10,2000,1,4,Форма 10 · таблица 2000 · строка 1 · графа 4,registered,Зарегистрированные пациенты,чел.,10.385363851785169
2017,80546.0,80546.0,,visually_checked,2017-форма 10.PDF,2,10,2000,1,4,Форма 10 · таблица 2000 · строка 1 · графа 4,registered,Зарегистрированные пациенты,чел.,-3.403530653362752
2018,,78137.0,Исключено выбранным режимом качества,ocr_unverified,форма 10 за 2018 г ОБЛАСТЬ.pdf,2,10,2000,1,4,Форма 10 · таблица 2000 · строка 1 · графа 4,registered,Зарегистрированные пациенты,чел.,
2019,,76427.0,Исключено выбранным режимом качества,ocr_unverified,ФОРМА 10 ОБЛАСТЬ 2019 год.pdf,2,10,2000,1,4,Форма 10 · таблица 2000 · строка 1 · графа 4,registered,Зарегистрированные пациенты,чел.,
2020,74505.0,74505.0,,digital,Иркутская область ф.10 2020 год.xlsx,,10,2000,1,4,Форма 10 · таблица 2000 · строка 1 · графа 4,registered,Зарегистрированные пациенты,чел.,
2021,73432.0,73432.0,,digital,10 2021.docx,,10,2000,1,4,Форма 10 · таблица 2000 · строка 1 · графа 4,registered,Зарегистрированные пациенты,чел.,-1.440171800550294
2022,74104.0,74104.0,,digital,10 2022.docx,,10,2000,1,4,Форма 10 · таблица 2000 · строка 1 · графа 4,registered,Зарегистрированные пациенты,чел.,0.9151323673602718
2023,70692.0,70692.0,,digital,2023 форма 10 область.xlsx,,10,2000,1,4,Форма 10 · таблица 2000 · строка 1 · графа 4,registered,Зарегистрированные пациенты,чел.,-4.604339846701933
2024,64515.0,64515.0,,digital,10 2024.docx,,10,2000,1,4,Форма 10 · таблица 2000 · строка 1 · графа 4,registered,Зарегистрированные пациенты,чел.,-8.737905279239522
2013,6299.0,6299.0,,digital,2013 10.doc,,10,3000,1,4,Форма 10 · таблица 3000 · строка 1 · графа 4,new,Впервые установленный диагноз,чел.,
2014,5817.0,5817.0,,digital,2014 Форма 10 оконч..docx,,10,3000,1,4,Форма 10 · таблица 3000 · строка 1 · графа 4,new,Впервые установленный диагноз,чел.,-7.65200825527862
2015,9227.0,9227.0,,digital,2015 10.doc,,10,3000,1,4,Форма 10 · таблица 3000 · строка 1 · графа 4,new,Впервые установленный диагноз,чел.,58.621282447997245
2016,9009.0,9009.0,,digital,2016 форма 10 область.xlsx,,10,3000,1,4,Форма 10 · таблица 3000 · строка 1 · графа 4,new,Впервые установленный диагноз,чел.,-2.3626314078248667
2017,,,Нет допустимого неотрицательного числа,ocr_review,2017-форма 10.PDF,6,10,3000,1,4,Форма 10 · таблица 3000 · строка 1 · графа 4,new,Впервые установленный диагноз,чел.,
2018,,8090.0,Исключено выбранным режимом качества,ocr_unverified,форма 10 за 2018 г ОБЛАСТЬ.pdf,6,10,3000,1,4,Форма 10 · таблица 3000 · строка 1 · графа 4,new,Впервые установленный диагноз,чел.,
2019,,7255.0,Исключено выбранным режимом качества,ocr_unverified,ФОРМА 10 ОБЛАСТЬ 2019 год.pdf,6,10,3000,1,4,Форма 10 · таблица 3000 · строка 1 · графа 4,new,Впервые установленный диагноз,чел.,
2020,5444.0,5444.0,,digital,Иркутская область ф.10 2020 год.xlsx,,10,3000,1,4,Форма 10 · таблица 3000 · строка 1 · графа 4,new,Впервые установленный диагноз,чел.,
2021,6326.0,6326.0,,digital,10 2021.docx,,10,3000,1,4,Форма 10 · таблица 3000 · строка 1 · графа 4,new,Впервые установленный диагноз,чел.,16.20132255694342
2022,7077.0,7077.0,,digital,10 2022.docx,,10,3000,1,4,Форма 10 · таблица 3000 · строка 1 · графа 4,new,Впервые установленный диагноз,чел.,11.87164084729686
2023,6519.0,6519.0,,digital,2023 форма 10 область.xlsx,,10,3000,1,4,Форма 10 · таблица 3000 · строка 1 · графа 4,new,Впервые установленный диагноз,чел.,-7.884696905468413
2024,7007.0,7007.0,,digital,10 2024.docx,,10,3000,1,4,Форма 10 · таблица 3000 · строка 1 · графа 4,new,Впервые установленный диагноз,чел.,7.485810707163676
2013,13602.0,13602.0,,digital,2013 36.doc,,36,2300,1,4,Форма 36 · таблица 2300 · строка 1 · графа 4,admissions,Поступления в стационар,"по форме, чел.",
2014,14675.0,14675.0,,digital,2014 Форма 36 оконч..docx,,36,2300,1,4,Форма 36 · таблица 2300 · строка 1 · графа 4,admissions,Поступления в стационар,"по форме, чел.",7.888545802087932
2015,14646.0,14646.0,,digital,2015 36.doc,,36,2300,1,4,Форма 36 · таблица 2300 · строка 1 · графа 4,admissions,Поступления в стационар,"по форме, чел.",-0.19761499148210904
2016,14652.0,14652.0,,digital,2016 форма 36 область.xlsx,,36,2300,1,4,Форма 36 · таблица 2300 · строка 1 · графа 4,admissions,Поступления в стационар,"по форме, чел.",0.04096681687832948
2017,,14459.0,Исключено выбранным режимом качества,ocr_unverified,2017 Форма 36.PDF,8,36,2300,1,4,Форма 36 · таблица 2300 · строка 1 · графа 4,admissions,Поступления в стационар,"по форме, чел.",
2018,,12864.0,Исключено выбранным режимом качества,ocr_unverified,форма 36 за 2018 г ОБЛАСТЬ.pdf,8,36,2300,1,4,Форма 36 · таблица 2300 · строка 1 · графа 4,admissions,Поступления в стационар,"по форме, чел.",
2019,,11104.0,Исключено выбранным режимом качества,ocr_unverified,ФОРМА 36 ОБЛАСТЬ 2019 год.pdf,8,36,2300,1,4,Форма 36 · таблица 2300 · строка 1 · графа 4,admissions,Поступления в стационар,"по форме, чел.",
2020,9795.0,9795.0,,digital,2020 Иркутская область ф.36.xlsx,,36,2300,1,4,Форма 36 · таблица 2300 · строка 1 · графа 4,admissions,Поступления в стационар,"по форме, чел.",
2021,10731.0,10731.0,,digital,36 2021.docx,,36,2300,1,4,Форма 36 · таблица 2300 · строка 1 · графа 4,admissions,Поступления в стационар,"по форме, чел.",9.555895865237375
2022,,,Нет ячейки / отчета,missing,,,36,2300,1,4,,admissions,Поступления в стационар,"по форме, чел.",
2023,10846.0,10846.0,,digital,2023 форма 36 область.xlsx,,36,2300,1,4,Форма 36 · таблица 2300 · строка 1 · графа 4,admissions,Поступления в стационар,"по форме, чел.",
2024,9822.0,9822.0,,digital,36 2024.docx,,36,2300,1,4,Форма 36 · таблица 2300 · строка 1 · графа 4,admissions,Поступления в стационар,"по форме, чел.",-9.441268670477598
2013,35825.0,35825.0,,digital,2013 36.doc,,36,2100,1,10,Форма 36 · таблица 2100 · строка 1 · графа 10,dispensary,Диспансерное наблюдение,чел. на конец года,
2014,35984.0,35984.0,,digital,2014 Форма 36 оконч..docx,,36,2100,1,10,Форма 36 · таблица 2100 · строка 1 · графа 10,dispensary,Диспансерное наблюдение,чел. на конец года,0.4438241451500291
2015,35775.0,35775.0,,digital,2015 36.doc,,36,2100,1,10,Форма 36 · таблица 2100 · строка 1 · графа 10,dispensary,Диспансерное наблюдение,чел. на конец года,-0.580813694975546
2016,34744.0,34744.0,,digital,2016 форма 36 область.xlsx,,36,2100,1,10,Форма 36 · таблица 2100 · строка 1 · графа 10,dispensary,Диспансерное наблюдение,чел. на конец года,-2.881900768693224
2017,,34684.0,Номер строки восстановлен неоднозначно,ocr_unverified,2017 Форма 36.PDF,2,36,2100,1,10,Форма 36 · таблица 2100 · строка 1 · графа 10,dispensary,Диспансерное наблюдение,чел. на конец года,
2018,,33391.0,Исключено выбранным режимом качества,ocr_unverified,форма 36 за 2018 г ОБЛАСТЬ.pdf,2,36,2100,1,10,Форма 36 · таблица 2100 · строка 1 · графа 10,dispensary,Диспансерное наблюдение,чел. на конец года,
2019,,33169.0,Исключено выбранным режимом качества,ocr_unverified,ФОРМА 36 ОБЛАСТЬ 2019 год.pdf,2,36,2100,1,10,Форма 36 · таблица 2100 · строка 1 · графа 10,dispensary,Диспансерное наблюдение,чел. на конец года,
2020,32576.0,32576.0,,digital,2020 Иркутская область ф.36.xlsx,,36,2100,1,10,Форма 36 · таблица 2100 · строка 1 · графа 10,dispensary,Диспансерное наблюдение,чел. на конец года,
2021,31919.0,31919.0,,digital,36 2021.docx,,36,2100,1,10,Форма 36 · таблица 2100 · строка 1 · графа 10,dispensary,Диспансерное наблюдение,чел. на конец года,-2.0168222003929315
2022,,,Нет ячейки / отчета,missing,,,36,2100,1,10,,dispensary,Диспансерное наблюдение,чел. на конец года,
2023,29916.0,29916.0,,digital,2023 форма 36 область.xlsx,,36,2100,1,11,Форма 36 · таблица 2100 · строка 1 · графа 11,dispensary,Диспансерное наблюдение,чел. на конец года,
2024,28374.0,28374.0,,digital,36 2024.docx,,36,2100,1,11,Форма 36 · таблица 2100 · строка 1 · графа 11,dispensary,Диспансерное наблюдение,чел. на конец года,-5.154432410750099
2013,31313.0,31313.0,,digital,2013 36.doc,,36,2110,1,10,Форма 36 · таблица 2110 · строка 1 · графа 10,consultative,Консультативная помощь,чел. на конец года,
2014,32704.0,32704.0,,digital,2014 Форма 36 оконч..docx,,36,2110,1,10,Форма 36 · таблица 2110 · строка 1 · графа 10,consultative,Консультативная помощь,чел. на конец года,4.44224443521859
2015,35622.0,35622.0,,digital,2015 36.doc,,36,2110,1,10,Форма 36 · таблица 2110 · строка 1 · графа 10,consultative,Консультативная помощь,чел. на конец года,8.922455968688837
2016,34494.0,34494.0,,digital,2016 форма 36 область.xlsx,,36,2110,1,10,Форма 36 · таблица 2110 · строка 1 · графа 10,consultative,Консультативная помощь,чел. на конец года,-3.1665824490483385
2017,,36762.0,Исключено выбранным режимом качества,ocr_unverified,2017 Форма 36.PDF,3,36,2110,1,10,Форма 36 · таблица 2110 · строка 1 · графа 10,consultative,Консультативная помощь,чел. на конец года,
2018,,36499.0,Исключено выбранным режимом качества,ocr_unverified,форма 36 за 2018 г ОБЛАСТЬ.pdf,3,36,2110,1,10,Форма 36 · таблица 2110 · строка 1 · графа 10,consultative,Консультативная помощь,чел. на конец года,
2019,,35798.0,Исключено выбранным режимом качества,ocr_unverified,ФОРМА 36 ОБЛАСТЬ 2019 год.pdf,3,36,2110,1,10,Форма 36 · таблица 2110 · строка 1 · графа 10,consultative,Консультативная помощь,чел. на конец года,
2020,34202.0,34202.0,,digital,2020 Иркутская область ф.36.xlsx,,36,2110,1,10,Форма 36 · таблица 2110 · строка 1 · графа 10,consultative,Консультативная помощь,чел. на конец года,
2021,34781.0,34781.0,,digital,36 2021.docx,,36,2110,1,10,Форма 36 · таблица 2110 · строка 1 · графа 10,consultative,Консультативная помощь,чел. на конец года,1.6928834571077633
2022,,,Нет ячейки / отчета,missing,,,36,2110,1,10,,consultative,Консультативная помощь,чел. на конец года,
2023,28636.0,28636.0,,digital,2023 форма 36 область.xlsx,,36,2110,1,11,Форма 36 · таблица 2110 · строка 1 · графа 11,consultative,Консультативная помощь,чел. на конец года,
2024,28091.0,28091.0,,digital,36 2024.docx,,36,2110,1,11,Форма 36 · таблица 2110 · строка 1 · графа 11,consultative,Консультативная помощь,чел. на конец года,-1.9031987707780362
2013,459415.0,459415.0,,digital,2013 36.doc,,36,2200,1,4,Форма 36 · таблица 2200 · строка 1 · графа 4,adult_visits,Посещения участковых психиатров для взрослых,посещений,
2014,491342.0,491342.0,,digital,2014 Форма 36 оконч..docx,,36,2200,1,4,Форма 36 · таблица 2200 · строка 1 · графа 4,adult_visits,Посещения участковых психиатров для взрослых,посещений,6.949490112425583
2015,430415.0,430415.0,,digital,2015 36.doc,,36,2200,1,4,Форма 36 · таблица 2200 · строка 1 · графа 4,adult_visits,Посещения участковых психиатров для взрослых,посещений,-12.400120486341493
2016,481008.0,481008.0,,digital,2016 форма 36 область.xlsx,,36,2200,1,4,Форма 36 · таблица 2200 · строка 1 · графа 4,adult_visits,Посещения участковых психиатров для взрослых,посещений,11.754469523599308
2017,,490887.0,Исключено выбранным режимом качества,ocr_unverified,2017 Форма 36.PDF,6,36,2200,1,4,Форма 36 · таблица 2200 · строка 1 · графа 4,adult_visits,Посещения участковых психиатров для взрослых,посещений,
2018,,418279.0,Исключено выбранным режимом качества,ocr_unverified,форма 36 за 2018 г ОБЛАСТЬ.pdf,6,36,2200,1,4,Форма 36 · таблица 2200 · строка 1 · графа 4,adult_visits,Посещения участковых психиатров для взрослых,посещений,
2019,,284124.0,Исключено выбранным режимом качества,ocr_unverified,ФОРМА 36 ОБЛАСТЬ 2019 год.pdf,6,36,2200,1,4,Форма 36 · таблица 2200 · строка 1 · графа 4,adult_visits,Посещения участковых психиатров для взрослых,посещений,
2020,221018.0,221018.0,,digital,2020 Иркутская область ф.36.xlsx,,36,2200,1,4,Форма 36 · таблица 2200 · строка 1 · графа 4,adult_visits,Посещения участковых психиатров для взрослых,посещений,
2021,290498.0,290498.0,,digital,36 2021.docx,,36,2200,1,4,Форма 36 · таблица 2200 · строка 1 · графа 4,adult_visits,Посещения участковых психиатров для взрослых,посещений,31.43635360015926
2022,,,Нет ячейки / отчета,missing,,,36,2200,1,4,,adult_visits,Посещения участковых психиатров для взрослых,посещений,
2023,553033.0,553033.0,,digital,2023 форма 36 область.xlsx,,36,2200,1,4,Форма 36 · таблица 2200 · строка 1 · графа 4,adult_visits,Посещения участковых психиатров для взрослых,посещений,
2024,547832.0,547832.0,,digital,36 2024.docx,,36,2200,1,4,Форма 36 · таблица 2200 · строка 1 · графа 4,adult_visits,Посещения участковых психиатров для взрослых,посещений,-0.9404502082154265
2013,93.5,93.5,,digital,2013 36.doc,,36,2200,1,3,Форма 36 · таблица 2200 · строка 1 · графа 3,adult_positions,Занятые должности участковых психиатров для взрослых,должностей на конец года,
2014,113.5,113.5,,digital,2014 Форма 36 оконч..docx,,36,2200,1,3,Форма 36 · таблица 2200 · строка 1 · графа 3,adult_positions,Занятые должности участковых психиатров для взрослых,должностей на конец года,21.3903743315508
2015,90.25,90.25,,digital,2015 36.doc,,36,2200,1,3,Форма 36 · таблица 2200 · строка 1 · графа 3,adult_positions,Занятые должности участковых психиатров для взрослых,должностей на конец года,-20.48458149779736
2016,90.25,90.25,,digital,2016 форма 36 область.xlsx,,36,2200,1,3,Форма 36 · таблица 2200 · строка 1 · графа 3,adult_positions,Занятые должности участковых психиатров для взрослых,должностей на конец года,0.0
2017,,67.0,Исключено выбранным режимом качества,ocr_unverified,2017 Форма 36.PDF,6,36,2200,1,3,Форма 36 · таблица 2200 · строка 1 · графа 3,adult_positions,Занятые должности участковых психиатров для взрослых,должностей на конец года,
2018,,67.5,Исключено выбранным режимом качества,ocr_unverified,форма 36 за 2018 г ОБЛАСТЬ.pdf,6,36,2200,1,3,Форма 36 · таблица 2200 · строка 1 · графа 3,adult_positions,Занятые должности участковых психиатров для взрослых,должностей на конец года,
2019,,59.0,Исключено выбранным режимом качества,ocr_unverified,ФОРМА 36 ОБЛАСТЬ 2019 год.pdf,6,36,2200,1,3,Форма 36 · таблица 2200 · строка 1 · графа 3,adult_positions,Занятые должности участковых психиатров для взрослых,должностей на конец года,
2020,50.25,50.25,,digital,2020 Иркутская область ф.36.xlsx,,36,2200,1,3,Форма 36 · таблица 2200 · строка 1 · графа 3,adult_positions,Занятые должности участковых психиатров для взрослых,должностей на конец года,
2021,48.25,48.25,,digital,36 2021.docx,,36,2200,1,3,Форма 36 · таблица 2200 · строка 1 · графа 3,adult_positions,Занятые должности участковых психиатров для взрослых,должностей на конец года,-3.9800995024875663
2022,,,Нет ячейки / отчета,missing,,,36,2200,1,3,,adult_positions,Занятые должности участковых психиатров для взрослых,должностей на конец года,
2023,74.75,74.75,,digital,2023 форма 36 область.xlsx,,36,2200,1,3,Форма 36 · таблица 2200 · строка 1 · графа 3,adult_positions,Занятые должности участковых психиатров для взрослых,должностей на конец года,
2024,88.5,88.5,,digital,36 2024.docx,,36,2200,1,3,Форма 36 · таблица 2200 · строка 1 · графа 3,adult_positions,Занятые должности участковых психиатров для взрослых,должностей на конец года,18.394648829431446
2013,49.0,49.0,,digital,2013 36.doc,,36,2150,1,1,Форма 36 · таблица 2150 · строка 1 · графа 1,attempts_disp,Суицидальные попытки · диспансерная группа,чел. по форме,
2014,34.0,34.0,,digital,2014 Форма 36 оконч..docx,,36,2150,1,1,Форма 36 · таблица 2150 · строка 1 · графа 1,attempts_disp,Суицидальные попытки · диспансерная группа,чел. по форме,-30.612244897959183
2015,31.0,31.0,,digital,2015 36.doc,,36,2150,1,1,Форма 36 · таблица 2150 · строка 1 · графа 1,attempts_disp,Суицидальные попытки · диспансерная группа,чел. по форме,-8.823529411764708
2016,57.0,57.0,,digital,2016 форма 36 область.xlsx,,36,2150,1,1,Форма 36 · таблица 2150 · строка 1 · графа 1,attempts_disp,Суицидальные попытки · диспансерная группа,чел. по форме,83.87096774193547
2017,72.0,72.0,,visually_checked,2017 Форма 36.PDF,4,36,2150,1,1,Форма 36 · таблица 2150 · строка 1 · графа 1,attempts_disp,Суицидальные попытки · диспансерная группа,чел. по форме,26.315789473684205
2018,,53.0,Исключено выбранным режимом качества,ocr_unverified,форма 36 за 2018 г ОБЛАСТЬ.pdf,4,36,2150,1,1,Форма 36 · таблица 2150 · строка 1 · графа 1,attempts_disp,Суицидальные попытки · диспансерная группа,чел. по форме,
2019,,49.0,Исключено выбранным режимом качества,ocr_unverified,ФОРМА 36 ОБЛАСТЬ 2019 год.pdf,4,36,2150,1,1,Форма 36 · таблица 2150 · строка 1 · графа 1,attempts_disp,Суицидальные попытки · диспансерная группа,чел. по форме,
2020,49.0,49.0,,digital,2020 Иркутская область ф.36.xlsx,,36,2150,1,3,Форма 36 · таблица 2150 · строка 1 · графа 3,attempts_disp,Суицидальные попытки · диспансерная группа,чел. по форме,
2021,53.0,53.0,,digital,36 2021.docx,,36,2150,1,1,Форма 36 · таблица 2150 · строка 1 · графа 1,attempts_disp,Суицидальные попытки · диспансерная группа,чел. по форме,8.163265306122458
2022,,,Нет ячейки / отчета,missing,,,36,2150,1,1,,attempts_disp,Суицидальные попытки · диспансерная группа,чел. по форме,
2023,20.0,20.0,,digital,2023 форма 36 область.xlsx,,36,2150,1,3,Форма 36 · таблица 2150 · строка 1 · графа 3,attempts_disp,Суицидальные попытки · диспансерная группа,чел. по форме,
2024,25.0,25.0,,digital,36 2024.docx,,36,2150,1,1,Форма 36 · таблица 2150 · строка 1 · графа 1,attempts_disp,Суицидальные попытки · диспансерная группа,чел. по форме,25.0
2013,24.0,24.0,,digital,2013 36.doc,,36,2150,1,2,Форма 36 · таблица 2150 · строка 1 · графа 2,fatal_disp,Завершённые попытки · диспансерная группа,чел. по форме,
2014,12.0,12.0,,digital,2014 Форма 36 оконч..docx,,36,2150,1,2,Форма 36 · таблица 2150 · строка 1 · графа 2,fatal_disp,Завершённые попытки · диспансерная группа,чел. по форме,-50.0
2015,9.0,9.0,,digital,2015 36.doc,,36,2150,1,2,Форма 36 · таблица 2150 · строка 1 · графа 2,fatal_disp,Завершённые попытки · диспансерная группа,чел. по форме,-25.0
2016,17.0,17.0,,digital,2016 форма 36 область.xlsx,,36,2150,1,2,Форма 36 · таблица 2150 · строка 1 · графа 2,fatal_disp,Завершённые попытки · диспансерная группа,чел. по форме,88.88888888888889
2017,27.0,27.0,,visually_checked,2017 Форма 36.PDF,4,36,2150,1,2,Форма 36 · таблица 2150 · строка 1 · графа 2,fatal_disp,Завершённые попытки · диспансерная группа,чел. по форме,58.823529411764696
2018,,16.0,Исключено выбранным режимом качества,ocr_unverified,форма 36 за 2018 г ОБЛАСТЬ.pdf,4,36,2150,1,2,Форма 36 · таблица 2150 · строка 1 · графа 2,fatal_disp,Завершённые попытки · диспансерная группа,чел. по форме,
2019,,18.0,Исключено выбранным режимом качества,ocr_unverified,ФОРМА 36 ОБЛАСТЬ 2019 год.pdf,4,36,2150,1,2,Форма 36 · таблица 2150 · строка 1 · графа 2,fatal_disp,Завершённые попытки · диспансерная группа,чел. по форме,
2020,16.0,16.0,,digital,2020 Иркутская область ф.36.xlsx,,36,2150,1,4,Форма 36 · таблица 2150 · строка 1 · графа 4,fatal_disp,Завершённые попытки · диспансерная группа,чел. по форме,
2021,19.0,19.0,,digital,36 2021.docx,,36,2150,1,2,Форма 36 · таблица 2150 · строка 1 · графа 2,fatal_disp,Завершённые попытки · диспансерная группа,чел. по форме,18.75
2022,,,Нет ячейки / отчета,missing,,,36,2150,1,2,,fatal_disp,Завершённые попытки · диспансерная группа,чел. по форме,
2023,8.0,8.0,,digital,2023 форма 36 область.xlsx,,36,2150,1,4,Форма 36 · таблица 2150 · строка 1 · графа 4,fatal_disp,Завершённые попытки · диспансерная группа,чел. по форме,
2024,7.0,7.0,,digital,36 2024.docx,,36,2150,1,2,Форма 36 · таблица 2150 · строка 1 · графа 2,fatal_disp,Завершённые попытки · диспансерная группа,чел. по форме,-12.5
2013,61.0,61.0,,digital,2013 36.doc,,36,2150,1,3,Форма 36 · таблица 2150 · строка 1 · графа 3,attempts_cons,Суицидальные попытки · консультативная группа,чел. по форме,
2014,65.0,65.0,,digital,2014 Форма 36 оконч..docx,,36,2150,1,3,Форма 36 · таблица 2150 · строка 1 · графа 3,attempts_cons,Суицидальные попытки · консультативная группа,чел. по форме,6.557377049180335
2015,68.0,68.0,,digital,2015 36.doc,,36,2150,1,3,Форма 36 · таблица 2150 · строка 1 · графа 3,attempts_cons,Суицидальные попытки · консультативная группа,чел. по форме,4.615384615384621
2016,95.0,95.0,,digital,2016 форма 36 область.xlsx,,36,2150,1,3,Форма 36 · таблица 2150 · строка 1 · графа 3,attempts_cons,Суицидальные попытки · консультативная группа,чел. по форме,39.70588235294117
2017,99.0,99.0,,visually_checked,2017 Форма 36.PDF,4,36,2150,1,3,Форма 36 · таблица 2150 · строка 1 · графа 3,attempts_cons,Суицидальные попытки · консультативная группа,чел. по форме,4.210526315789465
2018,,69.0,Исключено выбранным режимом качества,ocr_unverified,форма 36 за 2018 г ОБЛАСТЬ.pdf,4,36,2150,1,3,Форма 36 · таблица 2150 · строка 1 · графа 3,attempts_cons,Суицидальные попытки · консультативная группа,чел. по форме,
2019,,8.0,Исключено выбранным режимом качества,ocr_review,ФОРМА 36 ОБЛАСТЬ 2019 год.pdf,4,36,2150,1,3,Форма 36 · таблица 2150 · строка 1 · графа 3,attempts_cons,Суицидальные попытки · консультативная группа,чел. по форме,
2020,37.0,37.0,,digital,2020 Иркутская область ф.36.xlsx,,36,2150,1,5,Форма 36 · таблица 2150 · строка 1 · графа 5,attempts_cons,Суицидальные попытки · консультативная группа,чел. по форме,
2021,62.0,62.0,,digital,36 2021.docx,,36,2150,1,3,Форма 36 · таблица 2150 · строка 1 · графа 3,attempts_cons,Суицидальные попытки · консультативная группа,чел. по форме,67.56756756756756
2022,,,Нет ячейки / отчета,missing,,,36,2150,1,3,,attempts_cons,Суицидальные попытки · консультативная группа,чел. по форме,
2023,17.0,17.0,,digital,2023 форма 36 область.xlsx,,36,2150,1,5,Форма 36 · таблица 2150 · строка 1 · графа 5,attempts_cons,Суицидальные попытки · консультативная группа,чел. по форме,
2024,24.0,24.0,,digital,36 2024.docx,,36,2150,1,3,Форма 36 · таблица 2150 · строка 1 · графа 3,attempts_cons,Суицидальные попытки · консультативная группа,чел. по форме,41.176470588235304
2013,10.0,10.0,,digital,2013 36.doc,,36,2150,1,4,Форма 36 · таблица 2150 · строка 1 · графа 4,fatal_cons,Завершённые попытки · консультативная группа,чел. по форме,
2014,9.0,9.0,,digital,2014 Форма 36 оконч..docx,,36,2150,1,4,Форма 36 · таблица 2150 · строка 1 · графа 4,fatal_cons,Завершённые попытки · консультативная группа,чел. по форме,-9.999999999999998
2015,10.0,10.0,,digital,2015 36.doc,,36,2150,1,4,Форма 36 · таблица 2150 · строка 1 · графа 4,fatal_cons,Завершённые попытки · консультативная группа,чел. по форме,11.111111111111116
2016,11.0,11.0,,digital,2016 форма 36 область.xlsx,,36,2150,1,4,Форма 36 · таблица 2150 · строка 1 · графа 4,fatal_cons,Завершённые попытки · консультативная группа,чел. по форме,10.000000000000009
2017,11.0,11.0,,visually_checked,2017 Форма 36.PDF,4,36,2150,1,4,Форма 36 · таблица 2150 · строка 1 · графа 4,fatal_cons,Завершённые попытки · консультативная группа,чел. по форме,0.0
2018,,13.0,Исключено выбранным режимом качества,ocr_unverified,форма 36 за 2018 г ОБЛАСТЬ.pdf,4,36,2150,1,4,Форма 36 · таблица 2150 · строка 1 · графа 4,fatal_cons,Завершённые попытки · консультативная группа,чел. по форме,
2019,,12.0,Исключено выбранным режимом качества,ocr_unverified,ФОРМА 36 ОБЛАСТЬ 2019 год.pdf,4,36,2150,1,4,Форма 36 · таблица 2150 · строка 1 · графа 4,fatal_cons,Завершённые попытки · консультативная группа,чел. по форме,
2020,7.0,7.0,,digital,2020 Иркутская область ф.36.xlsx,,36,2150,1,6,Форма 36 · таблица 2150 · строка 1 · графа 6,fatal_cons,Завершённые попытки · консультативная группа,чел. по форме,
2021,9.0,9.0,,digital,36 2021.docx,,36,2150,1,4,Форма 36 · таблица 2150 · строка 1 · графа 4,fatal_cons,Завершённые попытки · консультативная группа,чел. по форме,28.57142857142858
2022,,,Нет ячейки / отчета,missing,,,36,2150,1,4,,fatal_cons,Завершённые попытки · консультативная группа,чел. по форме,
2023,2.0,2.0,,digital,2023 форма 36 область.xlsx,,36,2150,1,6,Форма 36 · таблица 2150 · строка 1 · графа 6,fatal_cons,Завершённые попытки · консультативная группа,чел. по форме,
2024,4.0,4.0,,digital,36 2024.docx,,36,2150,1,4,Форма 36 · таблица 2150 · строка 1 · графа 4,fatal_cons,Завершённые попытки · консультативная группа,чел. по форме,100.0
2013,13780.0,13780.0,,digital,2013 36.doc,,36,2300,1,10,Форма 36 · таблица 2300 · строка 1 · графа 10,discharges,Выбыло из стационара,чел. по форме,
2014,14719.0,14719.0,,digital,2014 Форма 36 оконч..docx,,36,2300,1,10,Форма 36 · таблица 2300 · строка 1 · графа 10,discharges,Выбыло из стационара,чел. по форме,6.8142235123367145
2015,14618.0,14618.0,,digital,2015 36.doc,,36,2300,1,10,Форма 36 · таблица 2300 · строка 1 · графа 10,discharges,Выбыло из стационара,чел. по форме,-0.6861879203750254
2016,14693.0,14693.0,,digital,2016 форма 36 область.xlsx,,36,2300,1,10,Форма 36 · таблица 2300 · строка 1 · графа 10,discharges,Выбыло из стационара,чел. по форме,0.5130660829114841
2017,,14144.0,Исключено выбранным режимом качества,ocr_unverified,2017 Форма 36.PDF,8,36,2300,1,10,Форма 36 · таблица 2300 · строка 1 · графа 10,discharges,Выбыло из стационара,чел. по форме,
2018,,13948.0,Исключено выбранным режимом качества,ocr_unverified,форма 36 за 2018 г ОБЛАСТЬ.pdf,8,36,2300,1,10,Форма 36 · таблица 2300 · строка 1 · графа 10,discharges,Выбыло из стационара,чел. по форме,
2019,,12629.0,Исключено выбранным режимом качества,ocr_unverified,ФОРМА 36 ОБЛАСТЬ 2019 год.pdf,8,36,2300,1,10,Форма 36 · таблица 2300 · строка 1 · графа 10,discharges,Выбыло из стационара,чел. по форме,
2020,10265.0,10265.0,,digital,2020 Иркутская область ф.36.xlsx,,36,2300,1,10,Форма 36 · таблица 2300 · строка 1 · графа 10,discharges,Выбыло из стационара,чел. по форме,
2021,10563.0,10563.0,,digital,36 2021.docx,,36,2300,1,10,Форма 36 · таблица 2300 · строка 1 · графа 10,discharges,Выбыло из стационара,чел. по форме,2.903068679980514
2022,,,Нет ячейки / отчета,missing,,,36,2300,1,10,,discharges,Выбыло из стационара,чел. по форме,
2023,10871.0,10871.0,,digital,2023 форма 36 область.xlsx,,36,2300,1,11,Форма 36 · таблица 2300 · строка 1 · графа 11,discharges,Выбыло из стационара,чел. по форме,
2024,9926.0,9926.0,,digital,36 2024.docx,,36,2300,1,11,Форма 36 · таблица 2300 · строка 1 · графа 11,discharges,Выбыло из стационара,чел. по форме,-8.692852543464259
2013,875973.0,875973.0,,digital,2013 36.doc,,36,2300,1,11,Форма 36 · таблица 2300 · строка 1 · графа 11,discharge_days,Койко-дни выбывших,койко-дней,
2014,825520.0,825520.0,,digital,2014 Форма 36 оконч..docx,,36,2300,1,11,Форма 36 · таблица 2300 · строка 1 · графа 11,discharge_days,Койко-дни выбывших,койко-дней,-5.759652409377914
2015,1369116.0,1369116.0,,digital,2015 36.doc,,36,2300,1,11,Форма 36 · таблица 2300 · строка 1 · графа 11,discharge_days,Койко-дни выбывших,койко-дней,65.84891946894078
2016,1263283.0,1263283.0,,digital,2016 форма 36 область.xlsx,,36,2300,1,11,Форма 36 · таблица 2300 · строка 1 · графа 11,discharge_days,Койко-дни выбывших,койко-дней,-7.730024336871377
2017,,1089575.0,Исключено выбранным режимом качества,ocr_unverified,2017 Форма 36.PDF,8,36,2300,1,11,Форма 36 · таблица 2300 · строка 1 · графа 11,discharge_days,Койко-дни выбывших,койко-дней,
2018,,973509.0,Исключено выбранным режимом качества,ocr_unverified,форма 36 за 2018 г ОБЛАСТЬ.pdf,8,36,2300,1,11,Форма 36 · таблица 2300 · строка 1 · графа 11,discharge_days,Койко-дни выбывших,койко-дней,
2019,,825760.0,Исключено выбранным режимом качества,ocr_unverified,ФОРМА 36 ОБЛАСТЬ 2019 год.pdf,8,36,2300,1,11,Форма 36 · таблица 2300 · строка 1 · графа 11,discharge_days,Койко-дни выбывших,койко-дней,
2020,765103.0,765103.0,,digital,2020 Иркутская область ф.36.xlsx,,36,2300,1,11,Форма 36 · таблица 2300 · строка 1 · графа 11,discharge_days,Койко-дни выбывших,койко-дней,
2021,816445.0,816445.0,,digital,36 2021.docx,,36,2300,1,11,Форма 36 · таблица 2300 · строка 1 · графа 11,discharge_days,Койко-дни выбывших,койко-дней,6.710469047958245
2022,,,Нет ячейки / отчета,missing,,,36,2300,1,11,,discharge_days,Койко-дни выбывших,койко-дней,
2023,854338.0,854338.0,,digital,2023 форма 36 область.xlsx,,36,2300,1,12,Форма 36 · таблица 2300 · строка 1 · графа 12,discharge_days,Койко-дни выбывших,койко-дней,
2024,773221.0,773221.0,,digital,36 2024.docx,,36,2300,1,12,Форма 36 · таблица 2300 · строка 1 · графа 12,discharge_days,Койко-дни выбывших,койко-дней,-9.49471988838141
2013,9763.0,9763.0,,digital,2013 36.doc,,36,2300,1,7,Форма 36 · таблица 2300 · строка 1 · графа 7,first_admission_year,Поступили впервые в данном году,чел. по форме,
2014,12699.0,12699.0,,digital,2014 Форма 36 оконч..docx,,36,2300,1,7,Форма 36 · таблица 2300 · строка 1 · графа 7,first_admission_year,Поступили впервые в данном году,чел. по форме,30.07272354808972
2015,12413.0,12413.0,,digital,2015 36.doc,,36,2300,1,7,Форма 36 · таблица 2300 · строка 1 · графа 7,first_admission_year,Поступили впервые в данном году,чел. по форме,-2.252145838254982
2016,12369.0,12369.0,,digital,2016 форма 36 область.xlsx,,36,2300,1,7,Форма 36 · таблица 2300 · строка 1 · графа 7,first_admission_year,Поступили впервые в данном году,чел. по форме,-0.35446709095303675
2017,,,Нет допустимого неотрицательного числа,ocr_review,2017 Форма 36.PDF,8,36,2300,1,7,Форма 36 · таблица 2300 · строка 1 · графа 7,first_admission_year,Поступили впервые в данном году,чел. по форме,
2018,,10605.0,Исключено выбранным режимом качества,ocr_unverified,форма 36 за 2018 г ОБЛАСТЬ.pdf,8,36,2300,1,7,Форма 36 · таблица 2300 · строка 1 · графа 7,first_admission_year,Поступили впервые в данном году,чел. по форме,
2019,,9450.0,Исключено выбранным режимом качества,ocr_unverified,ФОРМА 36 ОБЛАСТЬ 2019 год.pdf,8,36,2300,1,7,Форма 36 · таблица 2300 · строка 1 · графа 7,first_admission_year,Поступили впервые в данном году,чел. по форме,
2020,7633.0,7633.0,,digital,2020 Иркутская область ф.36.xlsx,,36,2300,1,7,Форма 36 · таблица 2300 · строка 1 · графа 7,first_admission_year,Поступили впервые в данном году,чел. по форме,
2021,9048.0,9048.0,,digital,36 2021.docx,,36,2300,1,7,Форма 36 · таблица 2300 · строка 1 · графа 7,first_admission_year,Поступили впервые в данном году,чел. по форме,18.537927420411382
2022,,,Нет ячейки / отчета,missing,,,36,2300,1,7,,first_admission_year,Поступили впервые в данном году,чел. по форме,
2023,9108.0,9108.0,,digital,2023 форма 36 область.xlsx,,36,2300,1,8,Форма 36 · таблица 2300 · строка 1 · графа 8,first_admission_year,Поступили впервые в данном году,чел. по форме,
2024,7998.0,7998.0,,digital,36 2024.docx,,36,2300,1,8,Форма 36 · таблица 2300 · строка 1 · графа 8,first_admission_year,Поступили впервые в данном году,чел. по форме,-12.1870882740448
2013,24.0,24.0,,digital,2013 36.doc,,36,2300,1,9,Форма 36 · таблица 2300 · строка 1 · графа 9,involuntary,Недобровольные поступления,чел. по форме,
2014,51.0,51.0,,digital,2014 Форма 36 оконч..docx,,36,2300,1,9,Форма 36 · таблица 2300 · строка 1 · графа 9,involuntary,Недобровольные поступления,чел. по форме,112.5
2015,24.0,24.0,,digital,2015 36.doc,,36,2300,1,9,Форма 36 · таблица 2300 · строка 1 · графа 9,involuntary,Недобровольные поступления,чел. по форме,-52.94117647058824
2016,55.0,55.0,,digital,2016 форма 36 область.xlsx,,36,2300,1,9,Форма 36 · таблица 2300 · строка 1 · графа 9,involuntary,Недобровольные поступления,чел. по форме,129.16666666666666
2017,,47.0,Исключено выбранным режимом качества,ocr_unverified,2017 Форма 36.PDF,8,36,2300,1,9,Форма 36 · таблица 2300 · строка 1 · графа 9,involuntary,Недобровольные поступления,чел. по форме,
2018,,40.0,Исключено выбранным режимом качества,ocr_unverified,форма 36 за 2018 г ОБЛАСТЬ.pdf,8,36,2300,1,9,Форма 36 · таблица 2300 · строка 1 · графа 9,involuntary,Недобровольные поступления,чел. по форме,
2019,,9.0,Исключено выбранным режимом качества,ocr_unverified,ФОРМА 36 ОБЛАСТЬ 2019 год.pdf,8,36,2300,1,9,Форма 36 · таблица 2300 · строка 1 · графа 9,involuntary,Недобровольные поступления,чел. по форме,
2020,19.0,19.0,,digital,2020 Иркутская область ф.36.xlsx,,36,2300,1,9,Форма 36 · таблица 2300 · строка 1 · графа 9,involuntary,Недобровольные поступления,чел. по форме,
2021,45.0,45.0,,digital,36 2021.docx,,36,2300,1,9,Форма 36 · таблица 2300 · строка 1 · графа 9,involuntary,Недобровольные поступления,чел. по форме,136.84210526315786
2022,,,Нет ячейки / отчета,missing,,,36,2300,1,9,,involuntary,Недобровольные поступления,чел. по форме,
2023,13.0,13.0,,digital,2023 форма 36 область.xlsx,,36,2300,1,10,Форма 36 · таблица 2300 · строка 1 · графа 10,involuntary,Недобровольные поступления,чел. по форме,
2024,20.0,20.0,,digital,36 2024.docx,,36,2300,1,10,Форма 36 · таблица 2300 · строка 1 · графа 10,involuntary,Недобровольные поступления,чел. по форме,53.846153846153854
2013,2375.0,2375.0,,digital,2013 36.doc,,36,2600,1,5,Форма 36 · таблица 2600 · строка 1 · графа 5,day_discharge,Дневной стационар · выписано,чел. по форме,
2014,2236.0,2236.0,,digital,2014 Форма 36 оконч..docx,,36,2600,1,5,Форма 36 · таблица 2600 · строка 1 · графа 5,day_discharge,Дневной стационар · выписано,чел. по форме,-5.852631578947365
2015,2218.0,2218.0,,digital,2015 36.doc,,36,2600,1,5,Форма 36 · таблица 2600 · строка 1 · графа 5,day_discharge,Дневной стационар · выписано,чел. по форме,-0.805008944543828
2016,1998.0,1998.0,,digital,2016 форма 36 область.xlsx,,36,2600,1,5,Форма 36 · таблица 2600 · строка 1 · графа 5,day_discharge,Дневной стационар · выписано,чел. по форме,-9.91884580703336
2017,,2961.0,Номер строки восстановлен неоднозначно,ocr_unverified,2017 Форма 36.PDF,11,36,2600,1,5,Форма 36 · таблица 2600 · строка 1 · графа 5,day_discharge,Дневной стационар · выписано,чел. по форме,
2018,,3290.0,Исключено выбранным режимом качества,ocr_unverified,форма 36 за 2018 г ОБЛАСТЬ.pdf,11,36,2600,1,5,Форма 36 · таблица 2600 · строка 1 · графа 5,day_discharge,Дневной стационар · выписано,чел. по форме,
2019,,3397.0,Исключено выбранным режимом качества,ocr_unverified,ФОРМА 36 ОБЛАСТЬ 2019 год.pdf,11,36,2600,1,5,Форма 36 · таблица 2600 · строка 1 · графа 5,day_discharge,Дневной стационар · выписано,чел. по форме,
2020,1361.0,1361.0,,digital,2020 Иркутская область ф.36.xlsx,,36,2600,1,5,Форма 36 · таблица 2600 · строка 1 · графа 5,day_discharge,Дневной стационар · выписано,чел. по форме,
2021,1895.0,1895.0,,digital,36 2021.docx,,36,2600,1,5,Форма 36 · таблица 2600 · строка 1 · графа 5,day_discharge,Дневной стационар · выписано,чел. по форме,39.23585598824393
2022,,,Нет ячейки / отчета,missing,,,36,2600,1,5,,day_discharge,Дневной стационар · выписано,чел. по форме,
2023,2666.0,2666.0,,digital,2023 форма 36 область.xlsx,,36,2600,1,5,Форма 36 · таблица 2600 · строка 1 · графа 5,day_discharge,Дневной стационар · выписано,чел. по форме,
2024,2274.0,2274.0,,digital,36 2024.docx,,36,2600,1,5,Форма 36 · таблица 2600 · строка 1 · графа 5,day_discharge,Дневной стационар · выписано,чел. по форме,-14.70367591897974
2013,230.0,230.0,,digital,2013 36.doc,,36,2600,1,4,Форма 36 · таблица 2600 · строка 1 · графа 4,day_places,Дневной стационар · среднегодовые места,мест,
2014,225.0,225.0,,digital,2014 Форма 36 оконч..docx,,36,2600,1,4,Форма 36 · таблица 2600 · строка 1 · графа 4,day_places,Дневной стационар · среднегодовые места,мест,-2.1739130434782594
2015,225.0,225.0,,digital,2015 36.doc,,36,2600,1,4,Форма 36 · таблица 2600 · строка 1 · графа 4,day_places,Дневной стационар · среднегодовые места,мест,0.0
2016,210.0,210.0,,digital,2016 форма 36 область.xlsx,,36,2600,1,4,Форма 36 · таблица 2600 · строка 1 · графа 4,day_places,Дневной стационар · среднегодовые места,мест,-6.666666666666665
2017,,286.0,Номер строки восстановлен неоднозначно,ocr_unverified,2017 Форма 36.PDF,11,36,2600,1,4,Форма 36 · таблица 2600 · строка 1 · графа 4,day_places,Дневной стационар · среднегодовые места,мест,
2018,,304.0,Исключено выбранным режимом качества,ocr_unverified,форма 36 за 2018 г ОБЛАСТЬ.pdf,11,36,2600,1,4,Форма 36 · таблица 2600 · строка 1 · графа 4,day_places,Дневной стационар · среднегодовые места,мест,
2019,,356.0,Исключено выбранным режимом качества,ocr_unverified,ФОРМА 36 ОБЛАСТЬ 2019 год.pdf,11,36,2600,1,4,Форма 36 · таблица 2600 · строка 1 · графа 4,day_places,Дневной стационар · среднегодовые места,мест,
2020,381.0,381.0,,digital,2020 Иркутская область ф.36.xlsx,,36,2600,1,4,Форма 36 · таблица 2600 · строка 1 · графа 4,day_places,Дневной стационар · среднегодовые места,мест,
2021,352.0,352.0,,digital,36 2021.docx,,36,2600,1,4,Форма 36 · таблица 2600 · строка 1 · графа 4,day_places,Дневной стационар · среднегодовые места,мест,-7.6115485564304475
2022,,,Нет ячейки / отчета,missing,,,36,2600,1,4,,day_places,Дневной стационар · среднегодовые места,мест,
2023,354.0,354.0,,digital,2023 форма 36 область.xlsx,,36,2600,1,4,Форма 36 · таблица 2600 · строка 1 · графа 4,day_places,Дневной стационар · среднегодовые места,мест,
2024,317.0,317.0,,digital,36 2024.docx,,36,2600,1,4,Форма 36 · таблица 2600 · строка 1 · графа 4,day_places,Дневной стационар · среднегодовые места,мест,-10.451977401129941
2013,866.0,866.0,,digital,2013 36.doc,,36,2180,1,4,Форма 36 · таблица 2180 · строка 1 · графа 4,disability_new,Впервые признаны инвалидами,чел. по форме,
2014,986.0,986.0,,digital,2014 Форма 36 оконч..docx,,36,2180,1,4,Форма 36 · таблица 2180 · строка 1 · графа 4,disability_new,Впервые признаны инвалидами,чел. по форме,13.85681293302541
2015,977.0,977.0,,digital,2015 36.doc,,36,2180,1,4,Форма 36 · таблица 2180 · строка 1 · графа 4,disability_new,Впервые признаны инвалидами,чел. по форме,-0.9127789046653123
2016,1071.0,1071.0,,digital,2016 форма 36 область.xlsx,,36,2180,1,4,Форма 36 · таблица 2180 · строка 1 · графа 4,disability_new,Впервые признаны инвалидами,чел. по форме,9.621289662231325
2017,,948.0,Исключено выбранным режимом качества,ocr_unverified,2017 Форма 36.PDF,5,36,2180,1,4,Форма 36 · таблица 2180 · строка 1 · графа 4,disability_new,Впервые признаны инвалидами,чел. по форме,
2018,,898.0,Номер строки восстановлен неоднозначно,ocr_unverified,форма 36 за 2018 г ОБЛАСТЬ.pdf,5,36,2180,1,4,Форма 36 · таблица 2180 · строка 1 · графа 4,disability_new,Впервые признаны инвалидами,чел. по форме,
2019,,983.0,Исключено выбранным режимом качества,ocr_unverified,ФОРМА 36 ОБЛАСТЬ 2019 год.pdf,5,36,2180,1,4,Форма 36 · таблица 2180 · строка 1 · графа 4,disability_new,Впервые признаны инвалидами,чел. по форме,
2020,751.0,751.0,,digital,2020 Иркутская область ф.36.xlsx,,36,2180,1,4,Форма 36 · таблица 2180 · строка 1 · графа 4,disability_new,Впервые признаны инвалидами,чел. по форме,
2021,732.0,732.0,,digital,36 2021.docx,,36,2180,1,4,Форма 36 · таблица 2180 · строка 1 · графа 4,disability_new,Впервые признаны инвалидами,чел. по форме,-2.5299600532623145
2022,,,Нет ячейки / отчета,missing,,,36,2180,1,4,,disability_new,Впервые признаны инвалидами,чел. по форме,
2023,1025.0,1025.0,,digital,2023 форма 36 область.xlsx,,36,2180,1,4,Форма 36 · таблица 2180 · строка 1 · графа 4,disability_new,Впервые признаны инвалидами,чел. по форме,
2024,1046.0,1046.0,,digital,36 2024.docx,,36,2180,1,4,Форма 36 · таблица 2180 · строка 1 · графа 4,disability_new,Впервые признаны инвалидами,чел. по форме,2.04878048780488
2013,27194.0,27194.0,,digital,2013 36.doc,,36,2180,1,7,Форма 36 · таблица 2180 · строка 1 · графа 7,disability_stock,Имеют группу инвалидности,чел. на конец года,
2014,26442.0,26442.0,,digital,2014 Форма 36 оконч..docx,,36,2180,1,7,Форма 36 · таблица 2180 · строка 1 · графа 7,disability_stock,Имеют группу инвалидности,чел. на конец года,-2.7653158785026055
2015,26595.0,26595.0,,digital,2015 36.doc,,36,2180,1,7,Форма 36 · таблица 2180 · строка 1 · графа 7,disability_stock,Имеют группу инвалидности,чел. на конец года,0.5786249149080991
2016,26854.0,26854.0,,digital,2016 форма 36 область.xlsx,,36,2180,1,7,Форма 36 · таблица 2180 · строка 1 · графа 7,disability_stock,Имеют группу инвалидности,чел. на конец года,0.9738672682835015
2017,,,Нет допустимого неотрицательного числа,ocr_review,2017 Форма 36.PDF,5,36,2180,1,7,Форма 36 · таблица 2180 · строка 1 · графа 7,disability_stock,Имеют группу инвалидности,чел. на конец года,
2018,,26792.0,Номер строки восстановлен неоднозначно,ocr_unverified,форма 36 за 2018 г ОБЛАСТЬ.pdf,5,36,2180,1,7,Форма 36 · таблица 2180 · строка 1 · графа 7,disability_stock,Имеют группу инвалидности,чел. на конец года,
2019,,26778.0,Исключено выбранным режимом качества,ocr_unverified,ФОРМА 36 ОБЛАСТЬ 2019 год.pdf,5,36,2180,1,7,Форма 36 · таблица 2180 · строка 1 · графа 7,disability_stock,Имеют группу инвалидности,чел. на конец года,
2020,26505.0,26505.0,,digital,2020 Иркутская область ф.36.xlsx,,36,2180,1,7,Форма 36 · таблица 2180 · строка 1 · графа 7,disability_stock,Имеют группу инвалидности,чел. на конец года,
2021,26240.0,26240.0,,digital,36 2021.docx,,36,2180,1,7,Форма 36 · таблица 2180 · строка 1 · графа 7,disability_stock,Имеют группу инвалидности,чел. на конец года,-0.9998113563478572
2022,,,Нет ячейки / отчета,missing,,,36,2180,1,7,,disability_stock,Имеют группу инвалидности,чел. на конец года,
2023,25271.0,25271.0,,digital,2023 форма 36 область.xlsx,,36,2180,1,8,Форма 36 · таблица 2180 · строка 1 · графа 8,disability_stock,Имеют группу инвалидности,чел. на конец года,
2024,25757.0,25757.0,,digital,36 2024.docx,,36,2180,1,8,Форма 36 · таблица 2180 · строка 1 · графа 8,disability_stock,Имеют группу инвалидности,чел. на конец года,1.9231530212496573
2013,44053.0,44053.0,,digital,2013 36.doc,,36,2120,1,2,Форма 36 · таблица 2120 · строка 1 · графа 2,working_age,Трудоспособный возраст · наблюдаемые,чел.,
2014,43308.0,43308.0,,digital,2014 Форма 36 оконч..docx,,36,2120,1,2,Форма 36 · таблица 2120 · строка 1 · графа 2,working_age,Трудоспособный возраст · наблюдаемые,чел.,-1.6911447574512573
2015,38984.0,38984.0,,digital,2015 36.doc,,36,2120,1,2,Форма 36 · таблица 2120 · строка 1 · графа 2,working_age,Трудоспособный возраст · наблюдаемые,чел.,-9.98429851297682
2016,53421.0,53421.0,,digital,2016 форма 36 область.xlsx,,36,2120,1,2,Форма 36 · таблица 2120 · строка 1 · графа 2,working_age,Трудоспособный возраст · наблюдаемые,чел.,37.03314180176483
2017,,,Нет допустимого неотрицательного числа,source_annotation_review,2017 Форма 36.PDF,4,36,2120,1,2,Форма 36 · таблица 2120 · строка 1 · графа 2,working_age,Трудоспособный возраст · наблюдаемые,чел.,
2018,,41562.0,Исключено выбранным режимом качества,ocr_unverified,форма 36 за 2018 г ОБЛАСТЬ.pdf,4,36,2120,1,2,Форма 36 · таблица 2120 · строка 1 · графа 2,working_age,Трудоспособный возраст · наблюдаемые,чел.,
2019,,29211.0,Исключено выбранным режимом качества,ocr_unverified,ФОРМА 36 ОБЛАСТЬ 2019 год.pdf,4,36,2120,1,2,Форма 36 · таблица 2120 · строка 1 · графа 2,working_age,Трудоспособный возраст · наблюдаемые,чел.,
2020,34868.0,34868.0,,digital,2020 Иркутская область ф.36.xlsx,,36,2120,1,4,Форма 36 · таблица 2120 · строка 1 · графа 4,working_age,Трудоспособный возраст · наблюдаемые,чел.,
2021,34866.0,34866.0,,digital,36 2021.docx,,36,2120,1,2,Форма 36 · таблица 2120 · строка 1 · графа 2,working_age,Трудоспособный возраст · наблюдаемые,чел.,-0.005735918320526334
2022,,,Нет ячейки / отчета,missing,,,36,2120,1,2,,working_age,Трудоспособный возраст · наблюдаемые,чел.,
2023,30362.0,30362.0,,digital,2023 форма 36 область.xlsx,,36,2120,1,4,Форма 36 · таблица 2120 · строка 1 · графа 4,working_age,Трудоспособный возраст · наблюдаемые,чел.,
2024,33411.0,33411.0,,digital,36 2024.docx,,36,2120,1,2,Форма 36 · таблица 2120 · строка 1 · графа 2,working_age,Трудоспособный возраст · наблюдаемые,чел.,10.042157960608655
2013,11642.0,11642.0,,digital,2013 36.doc,,36,2120,1,4,Форма 36 · таблица 2120 · строка 1 · графа 4,working_age_employed,Работающие в трудоспособном возрасте,чел.,
2014,9373.0,9373.0,,digital,2014 Форма 36 оконч..docx,,36,2120,1,4,Форма 36 · таблица 2120 · строка 1 · графа 4,working_age_employed,Работающие в трудоспособном возрасте,чел.,-19.489778388593027
2015,5111.0,5111.0,,digital,2015 36.doc,,36,2120,1,4,Форма 36 · таблица 2120 · строка 1 · графа 4,working_age_employed,Работающие в трудоспособном возрасте,чел.,-45.47103382054838
2016,11475.0,11475.0,,digital,2016 форма 36 область.xlsx,,36,2120,1,4,Форма 36 · таблица 2120 · строка 1 · графа 4,working_age_employed,Работающие в трудоспособном возрасте,чел.,124.51575034239877
2017,12816.0,12816.0,,visually_checked,2017 Форма 36.PDF,4,36,2120,1,4,Форма 36 · таблица 2120 · строка 1 · графа 4,working_age_employed,Работающие в трудоспособном возрасте,чел.,11.68627450980393
2018,,10115.0,Исключено выбранным режимом качества,ocr_unverified,форма 36 за 2018 г ОБЛАСТЬ.pdf,4,36,2120,1,4,Форма 36 · таблица 2120 · строка 1 · графа 4,working_age_employed,Работающие в трудоспособном возрасте,чел.,
2019,,9598.0,Исключено выбранным режимом качества,ocr_unverified,ФОРМА 36 ОБЛАСТЬ 2019 год.pdf,4,36,2120,1,4,Форма 36 · таблица 2120 · строка 1 · графа 4,working_age_employed,Работающие в трудоспособном возрасте,чел.,
2020,8540.0,8540.0,,digital,2020 Иркутская область ф.36.xlsx,,36,2120,1,6,Форма 36 · таблица 2120 · строка 1 · графа 6,working_age_employed,Работающие в трудоспособном возрасте,чел.,
2021,7329.0,7329.0,,digital,36 2021.docx,,36,2120,1,4,Форма 36 · таблица 2120 · строка 1 · графа 4,working_age_employed,Работающие в трудоспособном возрасте,чел.,-14.18032786885246
2022,,,Нет ячейки / отчета,missing,,,36,2120,1,4,,working_age_employed,Работающие в трудоспособном возрасте,чел.,
2023,5943.0,5943.0,,digital,2023 форма 36 область.xlsx,,36,2120,1,6,Форма 36 · таблица 2120 · строка 1 · графа 6,working_age_employed,Работающие в трудоспособном возрасте,чел.,
2024,6234.0,6234.0,,digital,36 2024.docx,,36,2120,1,4,Форма 36 · таблица 2120 · строка 1 · графа 4,working_age_employed,Работающие в трудоспособном возрасте,чел.,4.896516910651183
2013,5460.0,5460.0,,digital,2013 36.doc,,36,2500,1,4,Форма 36 · таблица 2500 · строка 1 · графа 4,military_exams,Военная психиатрическая экспертиза,чел. по форме,
2014,6078.0,6078.0,,digital,2014 Форма 36 оконч..docx,,36,2500,1,4,Форма 36 · таблица 2500 · строка 1 · графа 4,military_exams,Военная психиатрическая экспертиза,чел. по форме,11.318681318681323
2015,5670.0,5670.0,,digital,2015 36.doc,,36,2500,1,4,Форма 36 · таблица 2500 · строка 1 · графа 4,military_exams,Военная психиатрическая экспертиза,чел. по форме,-6.712734452122405
2016,5995.0,5995.0,,digital,2016 форма 36 область.xlsx,,36,2500,1,4,Форма 36 · таблица 2500 · строка 1 · графа 4,military_exams,Военная психиатрическая экспертиза,чел. по форме,5.731922398589062
2017,,,Нет допустимого неотрицательного числа,ocr_review,2017 Форма 36.PDF,11,36,2500,1,4,Форма 36 · таблица 2500 · строка 1 · графа 4,military_exams,Военная психиатрическая экспертиза,чел. по форме,
2018,3691.0,3691.0,,visually_checked,форма 36 за 2018 г ОБЛАСТЬ.pdf,11,36,2500,1,4,Форма 36 · таблица 2500 · строка 1 · графа 4,military_exams,Военная психиатрическая экспертиза,чел. по форме,
2019,,5472.0,Номер строки восстановлен неоднозначно,ocr_unverified,ФОРМА 36 ОБЛАСТЬ 2019 год.pdf,11,36,2500,1,4,Форма 36 · таблица 2500 · строка 1 · графа 4,military_exams,Военная психиатрическая экспертиза,чел. по форме,
2020,1407.0,1407.0,,digital,2020 Иркутская область ф.36.xlsx,,36,2500,1,4,Форма 36 · таблица 2500 · строка 1 · графа 4,military_exams,Военная психиатрическая экспертиза,чел. по форме,
2021,1276.0,1276.0,,digital,36 2021.docx,,36,2500,1,4,Форма 36 · таблица 2500 · строка 1 · графа 4,military_exams,Военная психиатрическая экспертиза,чел. по форме,-9.310589907604838
2022,,,Нет ячейки / отчета,missing,,,36,2500,1,4,,military_exams,Военная психиатрическая экспертиза,чел. по форме,
2023,1501.0,1501.0,,digital,2023 форма 36 область.xlsx,,36,2500,1,4,Форма 36 · таблица 2500 · строка 1 · графа 4,military_exams,Военная психиатрическая экспертиза,чел. по форме,
2024,1291.0,1291.0,,digital,36 2024.docx,,36,2500,1,4,Форма 36 · таблица 2500 · строка 1 · графа 4,military_exams,Военная психиатрическая экспертиза,чел. по форме,-13.990672884743505
2013,4913.529411764706,,,digital,2013 36.doc,; ,,,,,Форма 36 · таблица 2200 · строка 1 · графа 4 / Форма 36 · таблица 2200 · строка 1 · графа 3,visits_per_position,Посещений на занятую должность · взрослые,посещений / должность,
2014,4329.004405286343,,,digital,2014 Форма 36 оконч..docx,; ,,,,,Форма 36 · таблица 2200 · строка 1 · графа 4 / Форма 36 · таблица 2200 · строка 1 · графа 3,visits_per_position,Посещений на занятую должность · взрослые,посещений / должность,-11.896235017517265
2015,4769.141274238227,,,digital,2015 36.doc,; ,,,,,Форма 36 · таблица 2200 · строка 1 · графа 4 / Форма 36 · таблица 2200 · строка 1 · графа 3,visits_per_position,Посещений на занятую должность · взрослые,посещений / должность,10.167161493631482
2016,5329.728531855955,,,digital,2016 форма 36 область.xlsx,; ,,,,,Форма 36 · таблица 2200 · строка 1 · графа 4 / Форма 36 · таблица 2200 · строка 1 · графа 3,visits_per_position,Посещений на занятую должность · взрослые,посещений / должность,11.754469523599308
2017,,,Исключено выбранным режимом качества,ocr_derived,2017 Форма 36.PDF,6; 6,,,,,Форма 36 · таблица 2200 · строка 1 · графа 4 / Форма 36 · таблица 2200 · строка 1 · графа 3,visits_per_position,Посещений на занятую должность · взрослые,посещений / должность,
2018,,,Исключено выбранным режимом качества,ocr_derived,форма 36 за 2018 г ОБЛАСТЬ.pdf,6; 6,,,,,Форма 36 · таблица 2200 · строка 1 · графа 4 / Форма 36 · таблица 2200 · строка 1 · графа 3,visits_per_position,Посещений на занятую должность · взрослые,посещений / должность,
2019,,,Исключено выбранным режимом качества,ocr_derived,ФОРМА 36 ОБЛАСТЬ 2019 год.pdf,6; 6,,,,,Форма 36 · таблица 2200 · строка 1 · графа 4 / Форма 36 · таблица 2200 · строка 1 · графа 3,visits_per_position,Посещений на занятую должность · взрослые,посещений / должность,
2020,4398.36815920398,,,digital,2020 Иркутская область ф.36.xlsx,; ,,,,,Форма 36 · таблица 2200 · строка 1 · графа 4 / Форма 36 · таблица 2200 · строка 1 · графа 3,visits_per_position,Посещений на занятую должность · взрослые,посещений / должность,
2021,6020.683937823835,,,digital,36 2021.docx,; ,,,,,Форма 36 · таблица 2200 · строка 1 · графа 4 / Форма 36 · таблица 2200 · строка 1 · графа 3,visits_per_position,Посещений на занятую должность · взрослые,посещений / должность,36.88449260949229
2022,,,Нет ячейки / отчета,mixed,,; ,,,,, / ,visits_per_position,Посещений на занятую должность · взрослые,посещений / должность,
2023,7398.434782608696,,,digital,2023 форма 36 область.xlsx,; ,,,,,Форма 36 · таблица 2200 · строка 1 · графа 4 / Форма 36 · таблица 2200 · строка 1 · графа 3,visits_per_position,Посещений на занятую должность · взрослые,посещений / должность,
2024,6190.192090395481,,,digital,36 2024.docx,; ,,,,,Форма 36 · таблица 2200 · строка 1 · графа 4 / Форма 36 · таблица 2200 · строка 1 · графа 3,visits_per_position,Посещений на занятую должность · взрослые,посещений / должность,-16.331058226713026
2013,63.568432510885344,,,digital,2013 36.doc,; ,,,,,Форма 36 · таблица 2300 · строка 1 · графа 11 / Форма 36 · таблица 2300 · строка 1 · графа 10,length_of_stay,Среднее пребывание выбывших,дней,
2014,56.085331883959505,,,digital,2014 Форма 36 оконч..docx,; ,,,,,Форма 36 · таблица 2300 · строка 1 · графа 11 / Форма 36 · таблица 2300 · строка 1 · графа 10,length_of_stay,Среднее пребывание выбывших,дней,-11.771724315593978
2015,93.65959775619099,,,digital,2015 36.doc,; ,,,,,Форма 36 · таблица 2300 · строка 1 · графа 11 / Форма 36 · таблица 2300 · строка 1 · графа 10,length_of_stay,Среднее пребывание выбывших,дней,66.99481773589679
2016,85.97856121962839,,,digital,2016 форма 36 область.xlsx,; ,,,,,Форма 36 · таблица 2300 · строка 1 · графа 11 / Форма 36 · таблица 2300 · строка 1 · графа 10,length_of_stay,Среднее пребывание выбывших,дней,-8.201013799522617
2017,,,Исключено выбранным режимом качества,ocr_derived,2017 Форма 36.PDF,8; 8,,,,,Форма 36 · таблица 2300 · строка 1 · графа 11 / Форма 36 · таблица 2300 · строка 1 · графа 10,length_of_stay,Среднее пребывание выбывших,дней,
2018,,,Исключено выбранным режимом качества,ocr_derived,форма 36 за 2018 г ОБЛАСТЬ.pdf,8; 8,,,,,Форма 36 · таблица 2300 · строка 1 · графа 11 / Форма 36 · таблица 2300 · строка 1 · графа 10,length_of_stay,Среднее пребывание выбывших,дней,
2019,,,Исключено выбранным режимом качества,ocr_derived,ФОРМА 36 ОБЛАСТЬ 2019 год.pdf,8; 8,,,,,Форма 36 · таблица 2300 · строка 1 · графа 11 / Форма 36 · таблица 2300 · строка 1 · графа 10,length_of_stay,Среднее пребывание выбывших,дней,
2020,74.5351193375548,,,digital,2020 Иркутская область ф.36.xlsx,; ,,,,,Форма 36 · таблица 2300 · строка 1 · графа 11 / Форма 36 · таблица 2300 · строка 1 · графа 10,length_of_stay,Среднее пребывание выбывших,дней,
2021,77.29290921139828,,,digital,36 2021.docx,; ,,,,,Форма 36 · таблица 2300 · строка 1 · графа 11 / Форма 36 · таблица 2300 · строка 1 · графа 10,length_of_stay,Среднее пребывание выбывших,дней,3.699987198456056
2022,,,Нет ячейки / отчета,mixed,,; ,,,,, / ,length_of_stay,Среднее пребывание выбывших,дней,
2023,78.58872228865789,,,digital,2023 форма 36 область.xlsx,; ,,,,,Форма 36 · таблица 2300 · строка 1 · графа 12 / Форма 36 · таблица 2300 · строка 1 · графа 11,length_of_stay,Среднее пребывание выбывших,дней,
2024,77.89854926455773,,,digital,36 2024.docx,; ,,,,,Форма 36 · таблица 2300 · строка 1 · графа 12 / Форма 36 · таблица 2300 · строка 1 · графа 11,length_of_stay,Среднее пребывание выбывших,дней,-0.8782087353006451
2013,28.223790619026612,,,digital,2013 36.doc,; ,,,,,Форма 36 · таблица 2300 · строка 1 · графа 4 / Форма 36 · таблица 2300 · строка 1 · графа 7,repeat_share,Доля повторных поступлений в данном году,%,
2014,13.465076660988077,,,digital,2014 Форма 36 оконч..docx,; ,,,,,Форма 36 · таблица 2300 · строка 1 · графа 4 / Форма 36 · таблица 2300 · строка 1 · графа 7,repeat_share,Доля повторных поступлений в данном году,%,-52.291749741401446
2015,15.246483681551275,,,digital,2015 36.doc,; ,,,,,Форма 36 · таблица 2300 · строка 1 · графа 4 / Форма 36 · таблица 2300 · строка 1 · графа 7,repeat_share,Доля повторных поступлений в данном году,%,13.229831997350683
2016,15.58149058149058,,,digital,2016 форма 36 область.xlsx,; ,,,,,Форма 36 · таблица 2300 · строка 1 · графа 4 / Форма 36 · таблица 2300 · строка 1 · графа 7,repeat_share,Доля повторных поступлений в данном году,%,2.19727320040799
2017,,,Исключено выбранным режимом качества; Нет допустимого неотрицательного числа,ocr_derived,2017 Форма 36.PDF,8; 8,,,,,Форма 36 · таблица 2300 · строка 1 · графа 4 / Форма 36 · таблица 2300 · строка 1 · графа 7,repeat_share,Доля повторных поступлений в данном году,%,
2018,,,Исключено выбранным режимом качества,ocr_derived,форма 36 за 2018 г ОБЛАСТЬ.pdf,8; 8,,,,,Форма 36 · таблица 2300 · строка 1 · графа 4 / Форма 36 · таблица 2300 · строка 1 · графа 7,repeat_share,Доля повторных поступлений в данном году,%,
2019,,,Исключено выбранным режимом качества,ocr_derived,ФОРМА 36 ОБЛАСТЬ 2019 год.pdf,8; 8,,,,,Форма 36 · таблица 2300 · строка 1 · графа 4 / Форма 36 · таблица 2300 · строка 1 · графа 7,repeat_share,Доля повторных поступлений в данном году,%,
2020,22.072485962225624,,,digital,2020 Иркутская область ф.36.xlsx,; ,,,,,Форма 36 · таблица 2300 · строка 1 · графа 4 / Форма 36 · таблица 2300 · строка 1 · графа 7,repeat_share,Доля повторных поступлений в данном году,%,
2021,15.683533687447582,,,digital,36 2021.docx,; ,,,,,Форма 36 · таблица 2300 · строка 1 · графа 4 / Форма 36 · таблица 2300 · строка 1 · графа 7,repeat_share,Доля повторных поступлений в данном году,%,-28.945322632493486
2022,,,Нет ячейки / отчета,mixed,,; ,,,,, / ,repeat_share,Доля повторных поступлений в данном году,%,
2023,16.024340770791078,,,digital,2023 форма 36 область.xlsx,; ,,,,,Форма 36 · таблица 2300 · строка 1 · графа 4 / Форма 36 · таблица 2300 · строка 1 · графа 8,repeat_share,Доля повторных поступлений в данном году,%,
2024,18.57055589492975,,,digital,36 2024.docx,; ,,,,,Форма 36 · таблица 2300 · строка 1 · графа 4 / Форма 36 · таблица 2300 · строка 1 · графа 8,repeat_share,Доля повторных поступлений в данном году,%,15.889671597472987
2013,26.427258075499964,,,digital,2013 36.doc,; ,,,,,Форма 36 · таблица 2120 · строка 1 · графа 4 / Форма 36 · таблица 2120 · строка 1 · графа 2,employment_share,Доля работающих · трудоспособный контингент,%,
2014,21.642652627690033,,,digital,2014 Форма 36 оконч..docx,; ,,,,,Форма 36 · таблица 2120 · строка 1 · графа 4 / Форма 36 · таблица 2120 · строка 1 · графа 2,employment_share,Доля работающих · трудоспособный контингент,%,-18.10481221374084
2015,13.110506874615227,,,digital,2015 36.doc,; ,,,,,Форма 36 · таблица 2120 · строка 1 · графа 4 / Форма 36 · таблица 2120 · строка 1 · графа 2,employment_share,Доля работающих · трудоспособный контингент,%,-39.42282815258334
2016,21.48031672937609,,,digital,2016 форма 36 область.xlsx,; ,,,,,Форма 36 · таблица 2120 · строка 1 · графа 4 / Форма 36 · таблица 2120 · строка 1 · графа 2,employment_share,Доля работающих · трудоспособный контингент,%,63.840474932106716
2017,,,Нет допустимого неотрицательного числа,mixed,2017 Форма 36.PDF,4; 4,,,,,Форма 36 · таблица 2120 · строка 1 · графа 4 / Форма 36 · таблица 2120 · строка 1 · графа 2,employment_share,Доля работающих · трудоспособный контингент,%,
2018,,,Исключено выбранным режимом качества,ocr_derived,форма 36 за 2018 г ОБЛАСТЬ.pdf,4; 4,,,,,Форма 36 · таблица 2120 · строка 1 · графа 4 / Форма 36 · таблица 2120 · строка 1 · графа 2,employment_share,Доля работающих · трудоспособный контингент,%,
2019,,,Исключено выбранным режимом качества,ocr_derived,ФОРМА 36 ОБЛАСТЬ 2019 год.pdf,4; 4,,,,,Форма 36 · таблица 2120 · строка 1 · графа 4 / Форма 36 · таблица 2120 · строка 1 · графа 2,employment_share,Доля работающих · трудоспособный контингент,%,
2020,24.492371228633704,,,digital,2020 Иркутская область ф.36.xlsx,; ,,,,,Форма 36 · таблица 2120 · строка 1 · графа 6 / Форма 36 · таблица 2120 · строка 1 · графа 4,employment_share,Доля работающих · трудоспособный контингент,%,
2021,21.02047840302874,,,digital,36 2021.docx,; ,,,,,Форма 36 · таблица 2120 · строка 1 · графа 4 / Форма 36 · таблица 2120 · строка 1 · графа 2,employment_share,Доля работающих · трудоспособный контингент,%,-14.17540504018664
2022,,,Нет ячейки / отчета,mixed,,; ,,,,, / ,employment_share,Доля работающих · трудоспособный контингент,%,
2023,19.573809366971872,,,digital,2023 форма 36 область.xlsx,; ,,,,,Форма 36 · таблица 2120 · строка 1 · графа 6 / Форма 36 · таблица 2120 · строка 1 · графа 4,employment_share,Доля работающих · трудоспособный контингент,%,
2024,18.65852563526982,,,digital,36 2024.docx,; ,,,,,Форма 36 · таблица 2120 · строка 1 · графа 4 / Форма 36 · таблица 2120 · строка 1 · графа 2,employment_share,Доля работающих · трудоспособный контингент,%,-4.676063379090978
