metric_id,indicator,before,after,change_pct,difference,n_before,n_after,years_before,years_after,unit
registered,Зарегистрированные пациенты,73968.5,67603.5,-8.605014296626267,-6365.0,2,2,"2020, 2021","2023, 2024",чел.
new,Впервые установленный диагноз,5885.0,6763.0,14.91928632115549,878.0,2,2,"2020, 2021","2023, 2024",чел.
admissions,Поступления в стационар,10263.0,10334.0,0.6918055149566449,71.0,2,2,"2020, 2021","2023, 2024","по форме, чел."
dispensary,Диспансерное наблюдение,32247.5,29145.0,-9.620900845026748,-3102.5,2,2,"2020, 2021","2023, 2024",чел. на конец года
consultative,Консультативная помощь,34491.5,28363.5,-17.76669614252787,-6128.0,2,2,"2020, 2021","2023, 2024",чел. на конец года
adult_visits,Посещения участковых психиатров для взрослых,255758.0,550432.5,115.21614182156571,294674.5,2,2,"2020, 2021","2023, 2024",посещений
adult_positions,Занятые должности участковых психиатров для взрослых,49.25,81.625,65.73604060913705,32.375,2,2,"2020, 2021","2023, 2024",должностей на конец года
attempts_disp,Суицидальные попытки · диспансерная группа,51.0,22.5,-55.88235294117647,-28.5,2,2,"2020, 2021","2023, 2024",чел. по форме
fatal_disp,Завершённые попытки · диспансерная группа,17.5,7.5,-57.14285714285714,-10.0,2,2,"2020, 2021","2023, 2024",чел. по форме
attempts_cons,Суицидальные попытки · консультативная группа,49.5,20.5,-58.58585858585859,-29.0,2,2,"2020, 2021","2023, 2024",чел. по форме
fatal_cons,Завершённые попытки · консультативная группа,8.0,3.0,-62.5,-5.0,2,2,"2020, 2021","2023, 2024",чел. по форме
discharges,Выбыло из стационара,10414.0,10398.5,-0.14883810255424956,-15.5,2,2,"2020, 2021","2023, 2024",чел. по форме
discharge_days,Койко-дни выбывших,790774.0,813779.5,2.90923829058618,23005.5,2,2,"2020, 2021","2023, 2024",койко-дней
first_admission_year,Поступили впервые в данном году,8340.5,8553.0,2.5478088843594593,212.5,2,2,"2020, 2021","2023, 2024",чел. по форме
involuntary,Недобровольные поступления,32.0,16.5,-48.4375,-15.5,2,2,"2020, 2021","2023, 2024",чел. по форме
day_discharge,Дневной стационар · выписано,1628.0,2470.0,51.71990171990173,842.0,2,2,"2020, 2021","2023, 2024",чел. по форме
day_places,Дневной стационар · среднегодовые места,366.5,335.5,-8.458390177353348,-31.0,2,2,"2020, 2021","2023, 2024",мест
disability_new,Впервые признаны инвалидами,741.5,1035.5,39.649359406608234,294.0,2,2,"2020, 2021","2023, 2024",чел. по форме
disability_stock,Имеют группу инвалидности,26372.5,25514.0,-3.2552848611242746,-858.5,2,2,"2020, 2021","2023, 2024",чел. на конец года
working_age,Трудоспособный возраст · наблюдаемые,34867.0,31886.5,-8.548197435970973,-2980.5,2,2,"2020, 2021","2023, 2024",чел.
working_age_employed,Работающие в трудоспособном возрасте,7934.5,6088.5,-23.265486168000503,-1846.0,2,2,"2020, 2021","2023, 2024",чел.
military_exams,Военная психиатрическая экспертиза,1341.5,1396.0,4.062616474096159,54.5,2,2,"2020, 2021","2023, 2024",чел. по форме
visits_per_position,Посещений на занятую должность · взрослые,5209.526048513908,6794.313436502089,30.420951411506316,1584.7873879881809,2,2,"2020, 2021","2023, 2024",посещений / должность
length_of_stay,Среднее пребывание выбывших,75.91401427447654,78.24363577660782,3.068763421873899,2.3296215021312747,2,2,"2020, 2021","2023, 2024",дней
repeat_share,Доля повторных поступлений в данном году,18.878009824836603,17.297448332860412,-8.372500632438207,-1.5805614919761908,2,2,"2020, 2021","2023, 2024",%
employment_share,Доля работающих · трудоспособный контингент,22.756424815831224,19.11616750112085,-15.996613458270105,-3.640257314710375,2,2,"2020, 2021","2023, 2024",%
